{"cameraMode":{"drawMode":0,"name":"Shaded","section":"Shading Mode"},"sceneLighting":false,"audioPlay":false,"sceneViewState":{"m_AlwaysRefresh":false,"showFog":true,"showSkybox":false,"showFlares":true,"showImageEffects":true,"showParticleSystems":true,"showVisualEffectGraphs":true,"m_FxEnabled":true},"in2DMode":false,"pivot":{"x":-0.03796813264489174,"y":-0.30471357703208926,"z":-0.322823703289032},"rotation":{"x":-0.08904404938220978,"y":0.1582794338464737,"z":-0.01432774867862463,"w":-0.9832905530929565},"size":0.30000004172325137,"orthographic":false}